features,feature_len,val_accuracy,val_precision,val_recall,val_f1,val_roc_auc,test_accuracy,test_precision,test_recall,test_f1,test_roc_auc
HSV,60,0.9998387096774194,0.0,0.0,0.0,0.770608162606872,0.999616122840691,0.0,0.0,0.0,0.43663594470046085
FFT,16,0.9998387096774194,0.0,0.0,0.0,0.6630101629295048,0.999616122840691,0.0,0.0,0.0,0.24423963133640558
WAVELET,28,0.9998387096774194,0.0,0.0,0.0,0.2177770608162607,0.999616122840691,0.0,0.0,0.0,0.25998463901689706
HSV+FFT,76,0.9998387096774194,0.0,0.0,0.0,0.8935312147120504,0.999616122840691,0.0,0.0,0.0,0.5821812596006144
HSV+WAVELET,88,0.9998387096774194,0.0,0.0,0.0,0.4629778996612357,0.9992322456813819,0.0,0.0,0.0,0.599078341013825
FFT+WAVELET,44,0.9998387096774194,0.0,0.0,0.0,0.25988062590740446,0.999616122840691,0.0,0.0,0.0,0.32373271889400923
HSV+FFT+WAVELET,104,0.9998387096774194,0.0,0.0,0.0,0.5347636715599291,0.9992322456813819,0.0,0.0,0.0,0.6221198156682028
